Workbook

Sheet Calc
E1: 0. MAKE A PERSONAL COPY OF THE CALCULATOR
J2: Version History 1.1 Fix the issue reported by darkeagls on Reddit 1.2 Fixed an issue created by fixing the previous issue(yep xD)
E8: PREFIXES | F8: SUFFIXES
A9: 1. INSERT THE PREFIXES AND SUFFIXES OF THE TWO ITEMS TO RECOMBINE | D9: ITEM 1 | F9: fossil | G9: ITEM 1
F10: armour
F11: shrine
D12: ITEM 2 | G12: ITEM 2
E15: =COUNTA(E9:E14) -> 0 | F15: =COUNTA(F9:F14) -> 3
C16: =COUNTIF(D17:D22,TRUE) -> 0 | D16: nr of desired | E16: mods in pref | F16: mods in suff | G16: nr of desired | H16: =COUNTIF(G17:G22,TRUE) -> 1
D17: FALSE | E17: =IF(ISBLANK(E9),hardcoded!J28,E9) -> -- | F17: =IF(ISBLANK(F9),hardcoded!K28,F9) -> fossil | G17: TRUE | J17: 2. PICK THE MODS YOU WANT THE RECOMBINED ITEM TO HAVE
D18: FALSE | E18: =IF(COUNTIF(E17,E10)>0,hardcoded!J29,IF(ISBLANK(E10),hardcoded!J29,E10)) -> --- | F18: =IF(COUNTIF(F17,F10)>0,hardcoded!K29,IF(ISBLANK(F10),hardcoded!K29,F10)) -> armour | G18: FALSE
D19: FALSE | E19: =IF(COUNTIF(E$17:E18,E11)>0,hardcoded!J30,IF(ISBLANK(E11),hardcoded!J30,E11)) -> ---- | F19: =IF(COUNTIF(F$17:F18,F11)>0,hardcoded!K30,IF(ISBLANK(F11),hardcoded!K30,F11)) -> shrine | G19: FALSE
D20: FALSE | E20: =IF(COUNTIF(E$17:E19,E12)>0,hardcoded!J31,IF(ISBLANK(E12),hardcoded!J31,E12)) -> ----- | F20: =IF(COUNTIF(F$17:F19,F12)>0,hardcoded!K31,IF(ISBLANK(F12),hardcoded!K31,F12)) -> ----- | G20: FALSE
D21: FALSE | E21: =IF(COUNTIF(E$17:E20,E13)>0,hardcoded!J32,IF(ISBLANK(E13),hardcoded!J32,E13)) -> ------ | F21: =IF(COUNTIF(F$17:F20,F13)>0,hardcoded!K32,IF(ISBLANK(F13),hardcoded!K32,F13)) -> ------ | G21: FALSE
D22: FALSE | E22: =IF(COUNTIF(E$17:E21,E14)>0,hardcoded!J33,IF(ISBLANK(E14),hardcoded!J33,E14)) -> ------- | F22: =IF(COUNTIF(F$17:F21,F14)>0,hardcoded!K33,IF(ISBLANK(F14),hardcoded!K33,F14)) -> ------- | G22: FALSE
E25: CHANCE | H25: 4. SEE THE CHANCE OF GETTING THOSE MODS ON THE FINAL ITEM
E26: =D31*G31 -> 0.63333333
C30: PREFIX | F30: SUFFIX
C31: ODD | D31: =IF(C16=0,1,SUM(E42:E44)) -> 1 | F31: ODD | G31: =IF(H16=0,1,SUM(H42:H44)) -> 0.63333333
D33: CALCS AND STUFF, DONT TOUCH
E35: UNIQUE PREF | F35: UNIQUE SUFF
E36: {=SUMPRODUCT(1/COUNTIF(E17:E22,E17:E22))-COUNTIF(E17:E22,"--")-COUNTIF(E17:E22,"---")-COUNTIF(E17:E22,"----")-COUNTIF(E17:E22,"-----")-COUNTIF(E17:E22,"------")-COUNTIF(E17:E22,"-------")} -> 0 | F36: {=SUMPRODUCT(1/COUNTIF(F17:F22,F17:F22))-COUNTIF(F17:F22,"--")-COUNTIF(F17:F22,"---")-COUNTIF(F17:F22,"----")-COUNTIF(F17:F22,"-----")-COUNTIF(F17:F22,"------")-COUNTIF(F17:F22,"-------")} -> 3
E37: prefix chosen | H37: suf chosen
D38: 1 | E38: {=INDEX(hardcoded!D3:G9,E15+1,D38+1)} -> 1 | G38: 1 | H38: {=INDEX(hardcoded!$D$3:$G$9,F15+1,G38+1)} -> 0.3
D39: =D38+1 -> 2 | E39: {=INDEX(hardcoded!D3:G9,E15+1,D39+1)} -> 2 | G39: 2 | H39: {=INDEX(hardcoded!$D$3:$G$9,F15+1,G39+1)} -> 0.5
D40: =D39+1 -> 3 | E40: {=IF(C16=0,1,INDEX(hardcoded!D3:G9,E15+1,D40+1))} -> 1 | G40: 3 | H40: {=INDEX(hardcoded!$D$3:$G$9,F15+1,G40+1)} -> 0.2 | I40: Quero
E41: ODD | F41: prob | H41: ODD | I41: =H16 -> 1
C42: =CONCATENATE(1,"-",IF($E$36=1,1,D54+D55)) -> 1-0 | D42: {=IF(C16=0,"--",INDEX(hardcoded!$E$16:$G$33,VLOOKUP(C42,hardcoded!$E$35:$F$52,2,0),C16))} -> -- | E42: =IFERROR(E38*D42,"") | F42: =CONCATENATE(1,"-",IF($F$36=1,1,G54+G55)) -> 1-3 | G42: {=IF(H16=0,"--",INDEX(hardcoded!$E$16:$G$33,VLOOKUP(F42,hardcoded!$E$35:$F$52,2,0),Calc!$I$41))} -> 0.33333333 | H42: =IFERROR(H38*G42,"") -> 0.1
C43: =CONCATENATE(2,"-",IF($E$36=2,2,D54+D55)) -> 2-0 | D43: {=IF(C16=0,"--",INDEX(hardcoded!$E$16:$G$33,VLOOKUP(C43,hardcoded!$E$35:$F$52,2,0),C16))} -> -- | E43: =IFERROR(E39*D43,"") | F43: =CONCATENATE(2,"-",IF($F$36=2,2,G54+G55)) -> 2-3 | G43: {=IF(H16=0,"--",INDEX(hardcoded!$E$16:$G$33,VLOOKUP(F43,hardcoded!$E$35:$F$52,2,0),Calc!$I$41))} -> 0.66666667 | H43: =IFERROR(H39*G43,"") -> 0.33333333
C44: =CONCATENATE(3,"-",IF($E$36=3,3,D54+D55)) -> 3-0 | D44: {=IF(C16=0,"--",INDEX(hardcoded!$E$16:$G$33,VLOOKUP(C44,hardcoded!$E$35:$F$52,2,0),C16))} -> -- | E44: =IFERROR(E40*D44,"") | F44: =CONCATENATE(3,"-",IF($F$36=3,3,G54+G55)) -> 3-3 | G44: {=IF(H16=0,"--",INDEX(hardcoded!$E$16:$G$33,VLOOKUP(F44,hardcoded!$E$35:$F$52,2,0),Calc!$I$41))} -> 1 | H44: =IFERROR(H40*G44,"") -> 0.2
I46: =COUNTIF(J17:J22,TRUE) -> 0
C47: desired | D47: undesired | F47: desired | G47: undesired | I47: =countif(K9:K14,K17) -> 0
C48: =if(AND(E48>0,D17),1,0) -> 0 | D48: =if(NOT(D17),E48,0) -> 0 | E48: =countif(E9:E14,E17) -> 0 | F48: =if(AND(H48>0,G17),1,0) -> 1 | G48: =if(NOT(G17),H48,0) -> 0 | H48: =countif(F9:F14,F17) -> 1 | I48: =countif(K10:K15,K18) -> 0
C49: =if(AND(E49>0,D18),1,0) -> 0 | D49: =if(NOT(D18),E49,0) -> 0 | E49: =countif(E10:E15,E18) -> 0 | F49: =if(AND(H49>0,G18),1,0) -> 0 | G49: =if(NOT(G18),H49,0) -> 1 | H49: =countif(F10:F15,F18) -> 1 | I49: =countif(K11:K16,K19) -> 0
C50: =if(AND(E50>0,D19),1,0) -> 0 | D50: =if(NOT(D19),E50,0) -> 0 | E50: =countif(E11:E16,E19) -> 0 | F50: =if(AND(H50>0,G19),1,0) -> 0 | G50: =if(NOT(G19),H50,0) -> 1 | H50: =countif(F11:F16,F19) -> 1 | I50: =countif(K12:K17,K20) -> 0
C51: =if(AND(E51>0,D20),1,0) -> 0 | D51: =if(NOT(D20),E51,0) -> 0 | E51: =countif(E12:E17,E20) -> 0 | F51: =if(AND(H51>0,G20),1,0) -> 0 | G51: =if(NOT(G20),H51,0) -> 0 | H51: =countif(F12:F17,F20) -> 0 | I51: =countif(K13:K18,K21) -> 0
C52: =if(AND(E52>0,D21),1,0) -> 0 | D52: =if(NOT(D21),E52,0) -> 0 | E52: =countif(E13:E18,E21) -> 0 | F52: =if(AND(H52>0,G21),1,0) -> 0 | G52: =if(NOT(G21),H52,0) -> 0 | H52: =countif(F13:F18,F21) -> 0 | I52: =countif(K14:K19,K22) -> 0
C53: =if(AND(E53>0,D22),1,0) -> 0 | D53: =if(NOT(D22),E53,0) -> 0 | E53: =countif(E14:E19,E22) -> 0 | F53: =if(AND(H53>0,G22),1,0) -> 0 | G53: =if(NOT(G22),H53,0) -> 0 | H53: =countif(F14:F19,F22) -> 0
C54: desired pool | D54: =SUM(C48:C53) -> 0 | F54: desired pool | G54: =SUM(F48:F53) -> 1
C55: undesired | D55: =SUM(D48:D53) -> 0 | F55: undesired | G55: =SUM(G48:G53) -> 2

Sheet hardcoded
D3: how many | E3: 1 | F3: 2 | G3: 3
D4: 1 | E4: =2/3 -> 0.66666667
D5: 2 | E5: =2/3 -> 0.66666667 | F5: =1/3 -> 0.33333333
D6: 3 | E6: 0.3 | F6: =5/10 -> 0.5 | G6: 0.2
D7: 4 | E7: 0.1 | F7: =11/20 -> 0.55 | G7: 0.35
D8: 5 | F8: =1/2 -> 0.5 | G8: =1/2 -> 0.5
D9: 6 | F9: =3/10 -> 0.3 | G9: =7/10 -> 0.7
E15: 1 | F15: 2 | G15: 3
B16: 1 | C16: 1 | D16: =CONCATENATE(B16,"-",C16) -> 1-1 | E16: 1 | F16: 0 | G16: 0
B17: 1 | C17: 2 | D17: =CONCATENATE(B17,"-",C17) -> 1-2 | E17: 0.5 | F17: 0 | G17: 0
B18: 1 | C18: 3 | D18: =CONCATENATE(B18,"-",C18) -> 1-3 | E18: 0.33333333 | F18: 0 | G18: 0
B19: 1 | C19: 4 | D19: =CONCATENATE(B19,"-",C19) -> 1-4 | E19: 0.25 | F19: 0 | G19: 0
B20: 1 | C20: 5 | D20: =CONCATENATE(B20,"-",C20) -> 1-5 | E20: 0.2 | F20: 0 | G20: 0
B21: 1 | C21: 6 | D21: =CONCATENATE(B21,"-",C21) -> 1-6 | E21: 0.16666667 | F21: 0 | G21: 0
B22: 2 | C22: 1 | D22: =CONCATENATE(B22,"-",C22) -> 2-1 | E22: 1 | F22: 1 | G22: 1
B23: 2 | C23: 2 | D23: =CONCATENATE(B23,"-",C23) -> 2-2 | E23: 1 | F23: 1 | G23: 0
B24: 2 | C24: 3 | D24: =CONCATENATE(B24,"-",C24) -> 2-3 | E24: =2/3 -> 0.66666667 | F24: =1/3 -> 0.33333333 | G24: 0
B25: 2 | C25: 4 | D25: =CONCATENATE(B25,"-",C25) -> 2-4 | E25: =3/6 -> 0.5 | F25: =1/6 -> 0.16666667 | G25: 0
B26: 2 | C26: 5 | D26: =CONCATENATE(B26,"-",C26) -> 2-5 | E26: =4/10 -> 0.4 | F26: 0.1 | G26: 0
B27: 2 | C27: 6 | D27: =CONCATENATE(B27,"-",C27) -> 2-6 | E27: =5/15 -> 0.33333333 | F27: =1/15 -> 0.066666667 | G27: 0 | J27: emtpy
B28: 3 | C28: 1 | D28: =CONCATENATE(B28,"-",C28) -> 3-1 | E28: 1 | F28: 1 | G28: 1 | J28: -- | K28: --
B29: 3 | C29: 2 | D29: =CONCATENATE(B29,"-",C29) -> 3-2 | E29: 1 | F29: 1 | G29: 1 | J29: --- | K29: ---
B30: 3 | C30: 3 | D30: =CONCATENATE(B30,"-",C30) -> 3-3 | E30: 1 | F30: 1 | G30: 1 | J30: ---- | K30: ----
B31: 3 | C31: 4 | D31: =CONCATENATE(B31,"-",C31) -> 3-4 | E31: 0.75 | F31: 0.5 | G31: =1/4 -> 0.25 | J31: ----- | K31: -----
B32: 3 | C32: 5 | D32: =CONCATENATE(B32,"-",C32) -> 3-5 | E32: 0.6 | F32: =3/10 -> 0.3 | G32: 0.1 | J32: ------ | K32: ------
B33: 3 | C33: 6 | D33: =CONCATENATE(B33,"-",C33) -> 3-6 | E33: =10/20 -> 0.5 | F33: =4/20 -> 0.2 | G33: =1/20 -> 0.05 | J33: ------- | K33: -------
J34: -------- | K34: --------
E35: 1-1 | F35: 1
E36: 1-2 | F36: 2
E37: 1-3 | F37: 3
E38: 1-4 | F38: 4
E39: 1-5 | F39: 5
E40: 1-6 | F40: 6
E41: 2-1 | F41: 7
E42: 2-2 | F42: 8
E43: 2-3 | F43: 9
E44: 2-4 | F44: 10
E45: 2-5 | F45: 11
E46: 2-6 | F46: 12
... E52: 3-6 | F52: 18
